Place_Name,Street_Address,City,State,ZIP_Code
University of Central Arkansas,201 Donaghey Ave,Conway,AR,72035
Downtown Conway,801 Front St,Conway,AR,72032
Conway Regional Medical Center,2302 College Ave,Conway,AR,72034
Simon Park,805 Front St,Conway,AR,72032
Faulkner County Library,1900 Tyler St,Conway,AR,72032
T.J. Maxx,1272 S Amity Rd,Conway,AR,72032
Conway City Hall,1201 Oak St,Conway,AR,72032
Cadron Settlement Park,6200 Hwy 319 W,Conway,AR,72034
Hendrix College,1600 Washington Ave,Conway,AR,72032
Walmart Supercenter,1155 US-65 N,Conway,AR,72032
